Comeback Bonus #1<br>You got a Rare Ticket!!	Day 1	//ログイン1日目獲得文章
Comeback Bonus #2<br>You got 50,000 XP!!	Day 2	//ログイン2日目獲得文章
Comeback Bonus #3<br>You got a Rare Ticket!!	Day 3	//ログイン3日目獲得文章
Comeback Bonus #4<br>You got 100,000 XP!!	Day 4	//ログイン4日目獲得文章
Comeback Bonus #5<br>You got a Rare Ticket!!	Day 5	//ログイン5日目獲得文章
Comeback Bonus #6<br>You got 200,000 XP!!	Day 6	//ログイン6日目獲得文章
Comeback Bonus #7<br>You got a Rare Ticket!!	Day 7	//ログイン7日目獲得文章
Comeback Bonus #8<br>You got 300,000 XP!!	Day 8	//ログイン8日目獲得文章
Comeback Bonus #9<br>You got a Rare Ticket!!	Day 9	//ログイン9日目獲得文章									