Check the Encyclopedia for|useful info about Enemy traits!|＠|＠|＠|B|
Event Stages have lots of|advanced challenges! You|can do it if you train your|army enough in Story Mode!|＠|E|
Treasure bonuses have|effect even in different|game sections! Get them|all to power up everywhere!|＠|L|
In Stories of Legend, If you clear|all the stages on the map,|you will receive a Cat Food bonus!|Only once.|＠|L|
Collect treasures from|other chapters for the|biggest effect! Even one|treasure set can change|your army in a big way!|L|
Metal enemies are really|resistant to Cat attacks!|You have to wear them|down, so its best to go for|speed and criticals!|L|
Word is that the best way|to take down a Metal enemy|is with a mighty Critical strike!|＠|＠|L|
Weekend Event Stages are the|best way to gather XP!|If you want to upgrade your Cats,|play these stages for more XP!|＠|L|
Some daily Event Stages will|grant you useful items!|These items give you a great|advantage in tough stages!|＠|L|
Every once in a while you can|find a Cat Ticket Chance|in the Event Stages!|Keep an eye on PONOS'|Twitter for the schedule!|L|
If you need to power up,|take on some stages with|low clear number counts!|They'll give you the most|XP to upgrade your Cats!|L|
There's a bunch of Cats|who are great at fighting|Red and Black type baddies!|Check unit descriptions|to see who they are!|L|
If you already have the|unit received from a Capsule|unlocked, you use the|Capsule to power up your|unit to even higher levels!|L|
Cyclone bosses sometimes|appear in Blitz events!|Beat them to get a unit!|They might seem unstoppable,|but they always have a weakness!|L|
Start "The Legend Begins" to|begin the advanced Stories of|Legend stages! You might just|win a great special Cat if you|get far enough!|L|
Every once in a while the|Crazed Cats come out of hiding|to appear in Blitz stages.|Uber difficult, but you can get|a Super Rare unit!|L|
Clear "Awakened" stages to|fight evolved versions of|Cats as strong enemies and|unlock True Forms!|＠|L|
Get a high score in the Timed|Score stages by clearing them|as fast as possible!|Higher scores get you even|better rewards!|L|
Unearth the hidden treasures|found in each Story mode stage.|The higher the quality, the better|the effect!|＠|T|
Visit the Equip screen to put|your favorite Cat into battle!|Organize your army for the|best effect on each stage!|＠|U|
Playing the same stage over|and over will give you less|XP each time!|＠|＠|0|
Can't beat that one stage?|Get more XP by replaying|stages you already cleared!|＠|＠|0|
The Worker Cat is critical|to building up money in battle!|Don't forget to upgrade him|to the maximum level!|＠|0|
Energy recovers with time♪|If you run out, let your Cats|rest and it'll come back soon!|＠|＠|0|
The record of your battles is|saved within the app on your|device! If you erase it without|a Data Transfer, it'll be gone|forever! Be careful!!!|0|
Treasure bonuses have|effect even in different|game sections! Get them|all to power up everywhere!|＠|1|
Collect all the Superior|treasures for the best|effect! If victory seems|impossible, getting the best|treasure set is key!|1|
Discovering a CatCombo|just once will record it|for future reference in|the Combo List!|＠|1|
Clear "Into The Future" to|collect all the available|CatCombos!|＠|＠|1|
The treasure in"Empire of Cats"|and "Into the Future" is different:|gotta grab it all for MAX POWER!|＠|＠|1|
I heard some enemies can|survive even a lethal strike!|Scary…|＠|＠|1|
I heard a guy at the bus stop|say that the Future has a lot of|treasure that can make you|strong against Aliens!|＠|1|
All stages in "Into the Future"|will give you cool treasure|if you get a high enough score!|＠|＠|1|
Into The Future is no pushover!|If you have trouble, hop back to|the present to train and collect|more allies for your army!|＠|1|
Teaming up certain units|will give bonuses|to your battle abilities!|＠|＠|1|
Some enemies actually do|fight like a cornered cat!|Look up the meaning on your|smartphone, mmkay?|＠|1|
Save some time on the Equip|screen! Double-tap the unit icon|and the menu will display that|unit. How convenient!|＠|U|
Hungry for more knowledge?|Tap this word bubble to show|another useful hint!|＠|＠|0|
When enemies come hard and fast,|block them with tough defensive|Cats and give yourself time to build|up your army! This is key to victory!|＠|E|
Sending out cheap Cats to slow|your enemies' progress can help|you not get overwhelmed when|it counts! Managing space is key|to the victory of the Cats!|T|
Once in a blue moon, you can|get giant XP bonuses when the|XP Megablitz stage appears!|Careful though... don't take|this experts-only stage lightly!|E|
Psst! See that Inquiry Code at|upper left of the Title Screen?|Write it down! You might regret|not having it when it counts!|＠|0|
Save yourself some time - use|a Speed Up to cruise through|those long stages! Seems like|it doesn't help your points on|Timed Score stages, though…|T|
Using a Treasure Radar will|make sure you get those hard-|to-get treasures and drop items!|Missing a piece from your set?|This is the tool to use!|T|
Feeling strapped for cash?|Start your fight with a full|wallet and a motivated|Worker Cat using a Rich Cat!|＠|T|
Use a Cat CPU to collect|XP and treasure even when|you're busy! It's just an AI,|so don't expect strategic|genius from an auto-player!|T|
You can count on feline|prodigy Cat Jobs to get you|the most XP for your time!|Try using this item on levels|with already big XP rewards!|T|
Keep your enemies pinned|down with cover fire from|Sniper the Cat! Lets loose|a powerful cannon blast|that knocks back enemies!|T|
Check the Encyclopedia for|useful info about Enemy traits!|If a new enemy gives you trouble,|it's best to study up!|＠|B|
Every once in a while, logging|in will get you a Rare Ticket!|Use it at the Rare Capsule|Machine to get an elite Cat|without using up Cat Food!|T|
Start or stop Cat Energy alerts|being sent to your phone - go to|Settings and toggle "Push Msg."!|＠||T|
Tap the name of any unlocked|CatCombo when on the CatCombo|List screen to instantly set those|units into your battle formation!|＠|1|
If you end the battle within|10 seconds of entering combat,|Energy spent will be restored!|Don't worry, items chosen for|that fight will be given back too!|0|
Use Cat Food to increase|your saved Battle Formations.|(See the Equip Menu!)|Quickly switch to the perfect|Cat Team for any situation!|1|
Cat God's miracles use up|Cat Food, but have super|powerful effects! These|really help in a pinch, so|ask away to help you win!|0|
Long Range attacks strike|far away enemies, but not those|right in front of that unit. Keep |baddies away from Long Range|attackers so they can fight well!|0|
When a Unit's new form is|unlocked you can change to|other forms on the Equip menu!|Tap the circular arrow at|bottom right of the Unit picture!|1|
Need to upgrade Cats quickly?|If you can't spare time to clear|stages, you can always buy more|XP packs at the Cat Shop using|Cat Food. Go have a look!|0|
Upgrade the "Research" ability to|produce more Cats in less time!|More Cats… Less time…|Everyone wins!|＠|0|
I'll give you helpful info about|Treasure Fest and Blitz Events.|Listen to what I say |and you can't go wrong!|＠|1|
When you unlock a new Cat,|you can visit the Cat Guide and|get a small present by looking|at your new friend! Increase your|allies and get free Cat Food!|0|
Send out your GAMATOTO Cat|on an Expedition to seek XP,|Cat Food, and other rewards!|Just decide how long to deploy|and take it easy until they return!|1|
Offer your GAMATOTO a|Catamin to shorten their|Expedition length. They'll|bring back the same rewards|in much less time!|1|
Catfruit and Catfruit Seeds|will allow your Cats to unlock|their True potential! Each|weekday offers a different|stage to collect them!|1|
Some stages will offer a chance|to immediately continue on to|a bonus follow-up stage. Clear|this secondary stage and you|might get a cool reward!|1|
Gather 10 Catfruit Seeds of|any one color and they'll become|a full Catfruit!|Your Cats will thank you!!!|＠|1|
Only usable CatCombos will|appear in the Combo List…|Collect more friends for|your Cat Army and reveal|more partnerships!|1|
Recruiting helpers for your|GAMATOTO Expeditions|makes finding items easier!|＠|＠|1|
Levelling up GAMATOTO|makes it easier to find useful|items when on an Expedition!|＠|＠|1|
Fine-tune your battle crew by|copying Cat lineups from any|Formation to a new one!|＠|＠|1|
Tap the bottom right of the|unit description window to get|more info about that Cat's|Abilities and special Effects!|＠|P|
